SYMBOL,SERIES,LAST
182D220923,TB,96.54
182D250523,TB,98.92
20MICRONS,EQ,80.75
21STCENMGM,EQ,20.8
360ONE,EQ,433.8
364D010623,TB,97.01
364D211223,TB,95.2
364D231123,TB,95.5
364D290324,TB,93
364D290623,TB,97.03
3IINFOLTD,EQ,34.45
3MINDIA,EQ,22888
3PLAND,EQ,23.15
426GS2023,GS,98
4THDIM,BE,32.3
515GS2025,GS,96
5PAISA,EQ,286.5
618GS2024,GS,101.6
622GS2035,GS,90.5
63MOONS,EQ,168.3
654GS2032,GS,97.5
667GS2035,GS,95.25
667GS2050,GS,94.75
689GS2025,GS,101.25
68GS2060,GS,96
695GS2061,GS,97.24
699GS2051,GS,96.76
710GS2029,GS,103.24
726GS2032,GS,101.75
727GS2026,GS,101
732GS2024,GS,100.26
736GS2052,GS,101.45
738GS2027,GS,103.8
74GS2062,GS,102
754GS2036,GS,104.99
759TS37,SG,100
762UK33,SG,100
824GS2027,GS,107.6
897GS2030,GS,113.7
91D010623,TB,98.6
91D110523,TB,99.29
91D130423,TB,99.6
91D180523,TB,99.3
91D230623,TB,98.01
92GS2030,GS,114.99
A2ZINFRA,EQ,6.9
AAATECH,EQ,58.25
AAKASH,EQ,6.65
AAREYDRUGS,EQ,28.4
AARON,EQ,194.7
AARTIDRUGS,EQ,405
AARTIIND,EQ,538
AARTIPHARM,EQ,302.8
AARTIPP,E1,243.2
AARTISURF,EQ,570.9
AARVEEDEN,EQ,23.7
AARVI,EQ,132.95
AAVAS,EQ,1675
ABAN,EQ,37.2
ABB,EQ,3400
ABBOTINDIA,EQ,22880
ABCAPITAL,EQ,159.45
ABFRL,EQ,222
ABINFRA,SM,30.7
ABMINTLLTD,BE,44.8
ABSLAMC,EQ,332.6
ABSLBANETF,EQ,40.89
ABSLLIQUID,EQ,999.99
ABSLNN50ET,EQ,39.4
ACC,EQ,1745
ACCELYA,EQ,1259
ACCURACY,EQ,13.85
ACE,EQ,406.1
ACEINTEG,BE,39.15
ACI,EQ,611.9
ADANIENT,EQ,1797
ADANIGREEN,EQ,899.15
ADANIPORTS,EQ,652.25
ADANIPOWER,EQ,194.05
ADANITRANS,EQ,1000.85
ADFFOODS,EQ,731.45
ADL,BE,61.55
ADORWELD,EQ,987.05
ADROITINFO,EQ,21.7
ADSL,EQ,84.7
ADVANIHOTR,EQ,73.2
ADVENZYMES,EQ,250.1
AEGISCHEM,EQ,387
AETHER,EQ,906
AFFLE,EQ,949.9
AGARIND,EQ,587
AGARWALFT,SM,34.5
AGI,EQ,357.2
AGNI,SM,18.1
AGRITECH,EQ,98.15
AGROPHOS,EQ,33.6
AGSTRA,EQ,49
AHL,EQ,215.3
AHLADA,EQ,90
AHLEAST,EQ,114.25
AHLUCONT,EQ,539.15
AIAENG,EQ,2910
AILIMITED,SM,39.2
AIRAN,EQ,15.25
AIROLAM,EQ,71.4
AIRTELPP,E1,382.55
AJANTPHARM,EQ,1283
AJMERA,EQ,313.1
AJOONI,EQ,4.95
AJRINFRA,BZ,0.9
AKASH,EQ,27.45
AKG,EQ,34
AKI,EQ,97.05
AKSHAR,BE,58.75
AKSHARCHEM,EQ,225.35
AKSHOPTFBR,EQ,8.85
AKZOINDIA,EQ,2282
ALANKIT,EQ,8.6
ALBERTDAVD,EQ,537
ALEMBICLTD,EQ,60.85
ALICON,EQ,715.7
ALKALI,EQ,96
ALKEM,EQ,3361.15
ALKYLAMINE,EQ,2240
ALLCARGO,EQ,354.95
ALLETEC,SM,94
ALLSEC,EQ,470
ALMONDZ,EQ,67.1
ALOKINDS,EQ,12.6
ALPA,EQ,57.05
ALPHAGEO,EQ,218.15
ALPSINDUS,EQ,1.3
AMARAJABAT,EQ,573.45
AMBANIORG,SM,85.05
AMBER,EQ,1888.25
AMBICAAGAR,EQ,20.25
AMBIKCO,EQ,1520
AMBUJACEM,EQ,384.55
AMDIND,EQ,54.5
AMEYA,SM,35.5
AMIABLE,SM,75
AMIORG,EQ,933.05
AMJLAND,EQ,22.9
AMRUTANJAN,EQ,612
ANANDRATHI,EQ,809.95
ANANTRAJ,EQ,134.8
ANDHRAPAP,EQ,426
ANDHRSUGAR,EQ,114
ANDREWYU,EQ,20.7
ANGELONE,EQ,1225
ANIKINDS,EQ,30.95
ANKITMETAL,EQ,4.35
ANLON,SM,175
ANMOL,EQ,205.5
ANNAPURNA,SM,202
ANSALAPI,BE,10.2
ANTGRAPHIC,EQ,0.75
ANUP,EQ,1027
ANURAS,EQ,911
APARINDS,EQ,2694.95
APCL,EQ,171.85
APCOTEXIND,EQ,502
APEX,EQ,199
APLAPOLLO,EQ,1186
APLLTD,EQ,511
APOLLO,EQ,301.25
APOLLOHOSP,EQ,4231.5
APOLLOPIPE,EQ,532.95
APOLLOTYRE,EQ,328
APOLSINHOT,EQ,1080
APTECHT,EQ,415
APTUS,EQ,242.35
ARCHIDPLY,EQ,59
ARCHIES,EQ,19.1
ARENTERP,EQ,30.1
ARIES,EQ,157
ARIHANTACA,SM,120
ARIHANTCAP,EQ,42
ARIHANTSUP,EQ,221.5
ARISTO,SM,57.3
ARMANFIN,EQ,1407.5
AROGRANITE,EQ,40.15
ARROWGREEN,EQ,254.25
ARSHIYA,EQ,5.85
ARSSINFRA,BE,23.4
ARTEMISMED,EQ,69
ARTNIRMAN,EQ,50.85
ARVEE,EQ,101.55
ARVIND,EQ,89.55
ARVINDFASN,EQ,292
ARVSMART,EQ,300
ASAHIINDIA,EQ,460
ASAHISONG,EQ,201.5
ASAL,EQ,318
ASALCBR,EQ,364.6
ASHAPURMIN,EQ,128.5
ASHIANA,EQ,178.8
ASHIMASYN,EQ,14.1
ASHOKA,EQ,80.8
ASHOKLEY,EQ,138.2
ASIANENE,BE,100
ASIANHOTNR,BE,151.05
ASIANPAINT,EQ,2776.35
ASIANTILES,EQ,40.1
ASMS,BZ,5.5
ASPINWALL,EQ,204
ASTEC,EQ,1365
ASTERDM,EQ,249.65
ASTRAL,EQ,1405
ASTRAMICRO,EQ,251
ASTRAZEN,EQ,3250
ASTRON,EQ,24.8
ATALREAL,SM,90.5
ATFL,EQ,891.8
ATGL,EQ,906.15
ATLANTA,EQ,17.3
ATUL,EQ,6992.1
ATULAUTO,EQ,413.7
AUBANK,EQ,565.25
AURIONPRO,EQ,332.9
AUROPHARMA,EQ,539.25
AURUM,EQ,106.9
AURUMPP,E1,54
AUSOMENT,EQ,59.25
AUTOAXLES,EQ,2465
AUTOBEES,EQ,127.48
AUTOIND,EQ,73.7
AVADHSUGAR,EQ,466.25
AVANTIFEED,EQ,357.45
AVONMORE,EQ,66.85
AVROIND,EQ,122.7
AVTNPL,EQ,81.5
AWHCL,EQ,256.7
AWL,EQ,410
AXISBANK,EQ,845.5
AXISBNKETF,EQ,412.18
AXISBPSETF,EQ,10.86
AXISCADES,EQ,306.45
AXISCETF,EQ,73.48
AXISGOLD,EQ,51.45
AXISHCETF,EQ,78.3
AXISILVER,EQ,75.51
AXISNIFTY,EQ,187.62
AXISTECETF,EQ,300.93
AXITA,EQ,64.3
AXSENSEX,EQ,59.3
AYMSYNTEX,EQ,68.1
BAFNAPH,BE,90
BAGFILMS,EQ,4.55
BAHETI,SM,104
BAIDFIN,EQ,36
BAJAJ-AUTO,EQ,4060.75
BAJAJCON,EQ,151.6
BAJAJELEC,EQ,1053
BAJAJFINSV,EQ,1306
BAJAJHCARE,EQ,317.25
BAJAJHIND,EQ,13.25
BAJAJHLDNG,EQ,5917
BAJFINANCE,EQ,5830
BALAJITELE,EQ,40.8
BALAMINES,EQ,2244
BALAXI,EQ,555
BALKRISHNA,EQ,29.2
BALKRISIND,EQ,1994.8
BALLARPUR,BZ,0.8
BALMLAWRIE,EQ,113.9
BALPHARMA,EQ,74.35
BALRAMCHIN,EQ,412.55
BANARBEADS,EQ,80.2
BANARISUG,EQ,2808.6
BANCOINDIA,EQ,227.3
BANDHANBNK,EQ,209.8
BANG,EQ,38.9
BANKA,EQ,71
BANKBARODA,EQ,166.3
BANKBEES,EQ,413.1
BANKINDIA,EQ,75.45
BANSWRAS,EQ,132.8
BARBEQUE,EQ,663.55
BASF,EQ,2325
BASML,EQ,40.5
BATAINDIA,EQ,1405
BAYERCROP,EQ,4125
BBETF0432,EQ,1055.71
BBL,EQ,2670
BBOX,EQ,113.55
BBTC,EQ,855
BBTCL,EQ,226.45
BCG,EQ,17.6
BCLIND,EQ,424
BCONCEPTS,EQ,210.3
BCP,EQ,4.1
BDL,EQ,974.1
BEARDSELL,EQ,24.35
BECTORFOOD,EQ,565.95
BEDMUTHA,EQ,58
BEL,EQ,99.9
BEML,EQ,1278
BEPL,EQ,104
BERGEPAINT,EQ,595.7
BESTAGRO,EQ,1087
BETA,SM,683.5
BEWLTD,SM,790
BFINVEST,EQ,440.5
BFUTILITIE,EQ,317
BGLOBAL,BZ,2.9
BGRENERGY,EQ,50
BHAGCHEM,EQ,1279.85
BHAGERIA,EQ,131.2
BHAGYANGR,EQ,46.55
BHANDARI,EQ,4.7
BHARATFORG,EQ,756.65
BHARATGEAR,EQ,116
BHARATRAS,EQ,9516.1
BHARATWIRE,EQ,146
BHARTIARTL,EQ,770
BHEL,EQ,71.3
BIGBLOC,EQ,126
BIKAJI,EQ,353
BIL,EQ,180
BINANIIND,EQ,24.45
BINDALAGRO,EQ,21.1
BIOCON,EQ,215.45
BIOFILCHEM,EQ,43.75
BIRET,RR,276.5
BIRLACABLE,EQ,134
BIRLACORPN,EQ,917.35
BIRLAMONEY,EQ,47.5
BIRLATYRE,BE,4.8
BKMINDST,BZ,1
BLBLIMITED,EQ,22.5
BLISSGVS,EQ,74.5
BLKASHYAP,EQ,32.5
BLS,EQ,166.9
BLUECHIP,BE,0.3
BLUEDART,EQ,6449.9
BLUESTARCO,EQ,1420
BMETRICS,SM,398
BODALCHEM,EQ,66.2
BOHRAIND,EQ,78.8
BOMDYEING,EQ,69.75
BOROLTD,EQ,375
BORORENEW,EQ,436.1
BOSCHLTD,EQ,18588.8
BPCL,EQ,335.4
BPL,EQ,56.5
BRIGADE,EQ,491.9
BRIGHT,SM,6.25
BRITANNIA,EQ,4258
BRITANNIA,N3,29.51
BRNL,EQ,28.5
BROOKS,EQ,68.45
BSE,EQ,458
BSHSL,BE,365.85
BSL,EQ,164
BSLGOLDETF,EQ,54.2
BSLNIFTY,EQ,19.85
BSLSENETFG,EQ,57.86
BSOFT,EQ,267.5
BTML,EQ,199.8
BURNPUR,EQ,5.25
BUTTERFLY,EQ,1211.3
BVCL,EQ,24.5
BYKE,EQ,38.1
CALSOFT,EQ,13.8
CAMLINFINE,EQ,153.9
CAMPUS,EQ,336.5
CAMS,EQ,2229
CANBK,EQ,283.4
CANFINHOME,EQ,581.2
CANTABIL,EQ,855
CAPACITE,EQ,132.1
CAPLIPOINT,EQ,614.95
CAPTRUST,EQ,61
CARBORUNIV,EQ,984
CAREERP,EQ,230.9
CARERATING,EQ,637.1
CARTRADE,EQ,399.9
CARYSIL,EQ,593.9
CASTROLIND,EQ,114.8
CCCL,BE,1.25
CCHHL,EQ,6.95
CCL,EQ,562.7
CDSL,EQ,990
CEATLTD,EQ,1451.75
CELEBRITY,EQ,14.4
CENTENKA,EQ,364
CENTEXT,EQ,9
CENTRALBK,EQ,24.4
CENTRUM,EQ,18.75
CENTUM,EQ,745
CENTURYPLY,EQ,469
CENTURYTEX,EQ,667
CERA,EQ,6337
CEREBRAINT,EQ,7.95
CESC,EQ,69.5
CGCL,EQ,584
CGPOWER,EQ,287
CHALET,EQ,364.05
CHAMBLFERT,EQ,279
CHEMBOND,EQ,274
CHEMCON,EQ,251.5
CHEMFAB,EQ,265
CHEMPLASTS,EQ,403.45
CHENNPETRO,EQ,250
CHEVIOT,EQ,1024
CHOICEIN,EQ,287
CHOLAFIN,EQ,829.1
CHOLAHLDNG,EQ,577.25
CIGNITITEC,EQ,783
CINELINE,EQ,98
CINEVISTA,EQ,12.75
CIPLA,EQ,902
CLEAN,EQ,1398
CLEDUCATE,EQ,53
CLOUD,SM,684
CLSEL,EQ,176.75
CMICABLES,EQ,11.05
CMMIPL,ST,4.1
CMNL,SM,46
CMSINFO,EQ,286
COALINDIA,EQ,222
COASTCORP,EQ,193
COCHINSHIP,EQ,485.8
COFFEEDAY,EQ,31.9
COFORGE,EQ,4040
COLPAL,EQ,1536.95
COMPINFO,EQ,14.2
COMPUSOFT,EQ,18.8
CONCOR,EQ,577
CONFIPET,EQ,64.45
CONSOFINVT,EQ,106
CONSUMBEES,EQ,79.27
CONTROLPR,EQ,529.1
COOLCAPS,SM,490
CORALFINAC,EQ,29.35
CORDSCABLE,EQ,66.7
COROMANDEL,EQ,935.05
COSMOFIRST,EQ,616.3
COUNCODOS,EQ,3.85
CPSEETF,EQ,40.59
CRAFTSMAN,EQ,3017
CREATIVE,EQ,445.75
CREATIVEYE,EQ,4.25
CREDITACC,EQ,957
CREDITACC,N1,1004
CREDITACC,N5,1050
CREST,EQ,159
CRISIL,EQ,3400
CROMPTON,EQ,298.35
CROWN,EQ,38
CSBBANK,EQ,256
CSLFINANCE,EQ,214.95
CTE,EQ,50.15
CUB,EQ,125.65
CUBEXTUB,EQ,32.75
CUMMINSIND,EQ,1587
CUPID,EQ,262.5
CYBERMEDIA,EQ,15.85
CYBERTECH,EQ,115
CYIENT,EQ,1077.95
DAAWAT,EQ,97.7
DABUR,EQ,522.7
DALBHARAT,EQ,1985
DALMIASUG,EQ,348.4
DAMODARIND,EQ,43.45
DANGEE,EQ,15.3
DATAMATICS,EQ,298
DATAPATTNS,EQ,1480
DBCORP,EQ,103.5
DBL,EQ,184.75
DBOL,EQ,151
DBREALTY,EQ,69.55
DBSTOCKBRO,EQ,23.25
DCAL,EQ,131
DCBBANK,EQ,101.9
DCI,EQ,115.15
DCM,EQ,72.8
DCMFINSERV,EQ,4.2
DCMNVL,EQ,160
DCMSHRIRAM,EQ,840
DCMSRIND,EQ,65.25
DCW,EQ,45.3
DCXINDIA,EQ,170.3
DECCANCE,EQ,445
DEEPAKFERT,EQ,592.1
DEEPAKNTR,EQ,1820
DEEPENR,EQ,105.5
DEEPINDS,EQ,140.1
DELHIVERY,EQ,329
DELPHIFX,EQ,321
DELTACORP,EQ,194.1
DELTAMAGNT,EQ,72.95
DEN,EQ,28.3
DENORA,EQ,871.2
DEVIT,EQ,98.25
DEVYANI,EQ,145.6
DGCONTENT,EQ,15.9
DHAMPURSUG,EQ,238.7
DHANBANK,EQ,15.3
DHANI,EQ,40.15
DHANILOANS,NX,990
DHANUKA,EQ,639
DHARMAJ,EQ,161
DHARSUGAR,BZ,9.05
DHRUV,EQ,49
DHUNINV,EQ,610
DIAMONDYD,EQ,747.9
DICIND,EQ,395
DIGISPICE,EQ,18.8
DIGJAMLMTD,BE,98
DIL,EQ,17.55
DISHTV,EQ,13.5
DIVGIITTS,EQ,646
DIVISLAB,EQ,2905.75
DIVOPPBEES,EQ,49.2
DIXON,EQ,2980
DJML,EQ,149.4
DLF,EQ,404.7
DLINKINDIA,EQ,249
DMART,EQ,3447
DMCC,EQ,247.2
DNAMEDIA,EQ,2.65
DODLA,EQ,485.4
DOLATALGO,EQ,47.35
DOLLAR,EQ,370.9
DOLLEX,SM,28.5
DONEAR,EQ,88.35
DPABHUSHAN,EQ,308
DPSCLTD,EQ,10.1
DPWIRES,EQ,373.5
DRCSYSTEMS,EQ,45.95
DREAMFOLKS,EQ,430.75
DREDGECORP,EQ,299.5
DRREDDY,EQ,4770
DRSDILIP,SM,141.35
DSPBANKETF,EQ,40.8
DSPN50ETF,EQ,178.45
DSPNEWETF,EQ,203.19
DSPQ50ETF,EQ,158.08
DSPSILVETF,EQ,73.3
DSSL,EQ,360.05
DTIL,EQ,195
DUCOL,SM,131
DUCON,EQ,6.65
DUGLOBAL,SM,176.25
DVL,EQ,233.15
DWARKESH,EQ,90.25
DYCL,EQ,172
DYNAMATECH,EQ,2875
DYNAMIC,SM,20.3
DYNPRO,EQ,258
E2E,EQ,183.05
EASEMYTRIP,EQ,46.25
EASTSILK,BE,2
EBANK,EQ,4357
EBBETF0423,EQ,1229.26
EBBETF0425,EQ,1116.95
EBBETF0430,EQ,1262.99
EBBETF0431,EQ,1124.99
EBBETF0433,EQ,1023.1
EC5RG,MF,19.5
ECLERX,EQ,1348.65
ECLFINANCE,NG,982.52
ECLFINANCE,NJ,967.1
ECLFINANCE,NK,990
ECLFINANCE,NO,985
ECLFINANCE,NQ,1500
ECLFINANCE,NR,1014.95
ECLFINANCE,NS,990
EDELWEISS,EQ,54
EDUCOMP,BZ,1.45
EHFLNCD,N5,971
EHFLNCD,N6,1023
EICHERMOT,EQ,2959
EIDPARRY,EQ,491.95
EIFFL,EQ,145.3
EIHAHOTELS,EQ,427
EIHOTEL,EQ,166.2
EIMCOELECO,EQ,373.6
EKC,EQ,107.2
ELDEHSG,EQ,597
ELECON,EQ,400.95
ELECTCAST,EQ,34.45
ELECTHERM,EQ,59.95
ELGIEQUIP,EQ,465.85
ELGIRUBCO,EQ,33
ELIN,EQ,135.9
EMAMILTD,EQ,358.8
EMAMIPAP,EQ,116
EMAMIREAL,EQ,64.3
EMBASSY,RR,313.9
EMIL,EQ,71.75
EMKAY,EQ,67
EMKAYTOOLS,SM,295.5
EMMBI,EQ,84
EMUDHRA,EQ,244.75
ENDURANCE,EQ,1284.1
ENERGYDEV,EQ,18.25
ENGINERSIN,EQ,74.25
ENIL,EQ,126.3
EPL,EQ,159
EQUIPPP,BE,27.85
EQUITASBNK,EQ,71.35
ERFLNCDI,N5,908
ERIS,EQ,600.95
EROSMEDIA,EQ,23.9
ESABINDIA,EQ,3455.1
ESCORTS,EQ,1880
ESSARSHPNG,EQ,8.55
ESSENTIA,EQ,6.5
ESTER,EQ,100.4
ETHOSLTD,EQ,1002
EUROBOND,SM,108.85
EVEREADY,EQ,295.2
EVERESTIND,EQ,760.9
EXCEL,EQ,0.45
EXCELINDUS,EQ,898.8
EXIDEIND,EQ,181
EXPLEOSOL,EQ,1320
EXXARO,EQ,117.05
FACT,EQ,231.2
FAIRCHEMOR,EQ,1030.5
FAZE3Q,EQ,324.95
FCL,EQ,245.4
FCONSUMER,EQ,0.7
FCSSOFT,EQ,2.1
FDC,EQ,264
FEDERALBNK,EQ,127.3
FEL,BZ,0.65
FELDVR,BE,4.9
FELIX,SM,137.05
FIBERWEB,EQ,33.9
FIDEL,SM,62
FIEMIND,EQ,1580
FILATEX,EQ,38.3
FINCABLES,EQ,853
FINEORG,EQ,4368
FINOPB,EQ,210.3
FINPIPE,EQ,165.8
FIVESTAR,EQ,540
FLEXITUFF,EQ,33.15
FLFL,BZ,5.65
FLUOROCHEM,EQ,3110
FMGOETZE,EQ,309
FMNL,EQ,4.65
FOCUS,EQ,612.4
FOODSIN,EQ,130
FORCEMOT,EQ,1300.1
FORTIS,EQ,255.7
FOSECOIND,EQ,2308
FRETAIL,BZ,2.5
FROG,SM,186.85
FSC,BZ,13.95
FSL,EQ,113.3
FUSION,EQ,404
GABRIEL,EQ,144.3
GAEL,EQ,249.1
GAIL,EQ,105.9
GAL,EQ,2.5
GALAXYSURF,EQ,2377
GALLANTT,EQ,58.15
GANDHITUBE,EQ,500.25
GANECOS,EQ,926.95
GANESHBE,EQ,169.4
GANESHHOUC,EQ,322.9
GANGAFORGE,EQ,3.75
GANGESSECU,EQ,103.6
GANGOTRI,BZ,1
GARFIBRES,EQ,2913.6
GATEWAY,EQ,63.6
GATI,EQ,114.95
GAYAHWS,EQ,0.8
GAYAPROJ,BE,6.4
GEECEE,EQ,138.5
GEEKAYWIRE,EQ,162
GENCON,EQ,58
GENESYS,EQ,329
GENUSPAPER,EQ,13.9
GENUSPOWER,EQ,85.3
GEOJITFSL,EQ,43.35
GEPIL,EQ,107.85
GESHIP,EQ,645
GET&D,EQ,128
GFLLIMITED,EQ,54.1
GFSTEELS,BE,5.75
GHCL,BE,504
GICHSGFIN,EQ,165.2
GICL,SM,40.1
GICRE,EQ,142.95
GILLANDERS,EQ,63.5
GILLETTE,EQ,4366
GILT5YBEES,EQ,51.67
GINNIFILA,EQ,22.75
GIPCL,EQ,77.45
GISOLUTION,BE,9.55
GKWLIMITED,EQ,523.85
GLAND,EQ,1260
GLAXO,EQ,1291.7
GLENMARK,EQ,487.3
GLFL,EQ,2.5
GLOBAL,EQ,151.4
GLOBALVECT,EQ,53.7
GLOBE,EQ,2.95
GLOBUSSPR,EQ,860
GLS,EQ,408.2
GMBREW,EQ,559.45
GMDCLTD,EQ,131.25
GMMPFAUDLR,EQ,1467
GMRINFRA,EQ,43.6
GMRP&UI,EQ,16.6
GNA,EQ,810.7
GNFC,EQ,535.45
GOACARBON,EQ,439.85
GOCLCORP,EQ,297.5
GOCOLORS,EQ,993
GODFRYPHLP,EQ,1719.7
GODHA,EQ,1.25
GODREJAGRO,EQ,430
GODREJCP,EQ,965.05
GODREJIND,EQ,442
GODREJPROP,EQ,1222.55
GOENKA,BZ,1
GOKEX,EQ,355.8
GOKUL,EQ,28.4
GOKULAGRO,EQ,112.75
GOLDBEES,EQ,51.4
GOLDENTOBC,BZ,49
GOLDIAM,EQ,139.9
GOLDSHARE,EQ,51.55
GOLDSTAR,SM,6.9
GOLDTECH,EQ,52.5
GOODLUCK,EQ,417.35
GOODYEAR,EQ,1071.5
GOYALALUM,BE,353.65
GPIL,EQ,381
GPPL,EQ,113.15
GPTINFRA,EQ,48.4
GRANULES,EQ,298
GRAPHITE,EQ,273.65
GRASIM,EQ,1705
GRAUWEIL,EQ,104.15
GRAVITA,EQ,500.95
GRCL,SM,41.8
GREAVESCOT,EQ,134.9
GREENLAM,EQ,303.75
GREENPANEL,EQ,277.8
GREENPLY,EQ,141.3
GREENPOWER,EQ,9
GRETEX,SM,29.45
GRINDWELL,EQ,1833.1
GRINFRA,EQ,1019
GRMOVER,EQ,195.8
GROBTEA,EQ,788
GRPLTD,BE,2671
GRSE,EQ,456.5
GRWRHITECH,EQ,538
GSCLCEMENT,EQ,33.2
GSFC,EQ,124.4
GSLSU,BE,195.4
GSPL,EQ,269.3
GSS,EQ,200.95
GTL,EQ,5.35
GTLINFRA,EQ,0.85
GTPL,EQ,109
GUFICBIO,EQ,191.2
GUJALKALI,EQ,618.5
GUJAPOLLO,EQ,194
GUJGASLTD,EQ,458.95
GUJRAFFIA,BE,25.5
GULFOILLUB,EQ,413.9
GULFPETRO,EQ,34.5
GULPOLY,EQ,258.5
GVKPIL,EQ,2.75
HAL,EQ,2808
HAPPSTMNDS,EQ,803
HARDWYN,EQ,262
HARIOMPIPE,EQ,473
HARRMALAYA,EQ,115
HARSHA,EQ,414
HATHWAY,EQ,13.65
HATSUN,EQ,836
HAVELLS,EQ,1166
HAVISHA,BE,1.8
HBANKETF,EQ,409.5
HBLPOWER,EQ,99.25
HBSL,EQ,47.05
HCC,EQ,14.55
HCG,EQ,275
HCL-INSYS,EQ,13.2
HCLTECH,EQ,1101.7
HDFC,EQ,2722.25
HDFC,W3,583.9
HDFCAMC,EQ,1750.1
HDFCBANK,EQ,1655.15
HDFCBSE500,EQ,23.29
HDFCGROWTH,EQ,87.9
HDFCLIFE,EQ,514
HDFCLOWVOL,EQ,132.57
HDFCMFGETF,EQ,52.85
HDFCMID150,EQ,115.74
HDFCMOMENT,EQ,184.98
HDFCNEXT50,EQ,383.01
HDFCNIF100,EQ,174
HDFCNIFETF,EQ,191
HDFCNIFIT,EQ,294.98
HDFCPVTBAN,EQ,209.65
HDFCQUAL,EQ,38.55
HDFCSENETF,EQ,651
HDFCSILVER,EQ,73.1
HDFCSML250,EQ,90.26
HDFCVALUE,EQ,94.9
HDIL,BZ,2.95
HEADSUP,EQ,12.85
HEALTHY,EQ,7.84
HECPROJECT,EQ,29.95
HEG,EQ,984
HEIDELBERG,EQ,166.5
HEMIPROP,EQ,92.25
HERANBA,EQ,314.7
HERCULES,EQ,199.9
HERITGFOOD,EQ,165.9
HEROMOTOCO,EQ,2460
HESTERBIO,EQ,1729
HEUBACHIND,EQ,299
HEXATRADEX,EQ,150.5
HFCL,EQ,62.6
HGINFRA,EQ,841
HGS,EQ,1058.95
HIKAL,EQ,292.9
HIL,EQ,2680
HILTON,BE,120.4
HIMATSEIDE,EQ,76.45
HINDALCO,EQ,410.7
HINDCOMPOS,EQ,272
HINDCON,EQ,79.6
HINDCOPPER,EQ,100.5
HINDMOTORS,EQ,14.2
HINDNATGLS,BE,10.65
HINDOILEXP,EQ,132.85
HINDPETRO,EQ,229
HINDUNILVR,EQ,2527.8
HINDWAREAP,EQ,377.2
HINDZINC,EQ,312.2
HIRECT,EQ,204.95
HISARMETAL,EQ,132
HITECH,EQ,77.8
HITECHCORP,EQ,167
HITECHGEAR,EQ,257.55
HLEGLAS,EQ,517
HLVLTD,EQ,9.75
HMT,BZ,27.2
HMVL,EQ,44.9
HNDFDS,EQ,592.8
HNGSNGBEES,EQ,291
HOMEFIRST,EQ,690
HOMESFY,SM,421.1
HONAUT,EQ,36830
HONDAPOWER,EQ,2105
HOVS,EQ,37.5
HPAL,EQ,369.5
HPIL,BE,78.5
HPL,EQ,88
HSCL,EQ,88.65
HTMEDIA,EQ,16.7
HUBTOWN,EQ,35.05
HUDCO,EQ,44.5
HUDCO,N2,1107.99
HUDCO,N5,1092
HUDCO,N8,1133
HUDCO,N9,1148.7
HUDCO,ND,1180.99
HUDCO,NE,1311.99
HUHTAMAKI,EQ,202.5
HYBRIDFIN,EQ,8.5
IBMFNIFTY,EQ,182.01
IBREALEST,EQ,55.85
IBUCCREDIT,N9,1021.25
IBUCCREDIT,NB,938
IBULHSGFIN,AA,1140
IBULHSGFIN,AC,855
IBULHSGFIN,EQ,101.35
IBULHSGFIN,N9,950
IBULHSGFIN,NA,941
IBULHSGFIN,NE,953
IBULHSGFIN,NT,0
IBULHSGFIN,NW,901
IBULHSGFIN,Y3,951.1
IBULHSGFIN,Y8,901.1
IBULHSGFIN,YG,1027.8
IBULHSGFIN,YP,965
IBULHSGFIN,YR,1015
IBULHSGFIN,YV,969
ICDSLTD,BE,20.5
ICEMAKE,EQ,340
ICICI10GS,EQ,211.1
ICICI500,EQ,24.77
ICICI5GSEC,EQ,52.18
ICICIALPLV,EQ,173.31
ICICIAUTO,EQ,127.35
ICICIB22,EQ,60
ICICIBANK,EQ,867.4
ICICIBANKN,EQ,40.93
ICICIBANKP,EQ,205.01
ICICICOMMO,EQ,56.34
ICICICONSU,EQ,73.3
ICICIFIN,EQ,16.21
ICICIFMCG,EQ,473.24
ICICIGI,EQ,1098.8
ICICIGOLD,EQ,52.86
ICICIINFRA,EQ,53.12
ICICILIQ,EQ,1000
ICICILOVOL,EQ,141.79
ICICIM150,EQ,117.82
ICICIMCAP,EQ,93.54
ICICIMOM30,EQ,18.69
ICICINF100,EQ,190.79
ICICINIFTY,EQ,191.5
ICICINV20,EQ,101.83
ICICINXT50,EQ,39.61
ICICIPHARM,EQ,78.55
ICICIPRULI,EQ,431.9
ICICISENSX,EQ,661.34
ICICISILVE,EQ,75.82
ICICITECH,EQ,30.24
ICIL,EQ,131.4
ICRA,EQ,4725.05
IDBI,EQ,46.7
IDBIGOLD,EQ,5555
IDEA,EQ,6.15
IDFC,EQ,77.2
IDFCFIRSTB,EQ,54.3
IDFNIFTYET,EQ,187.22
IEL,EQ,9.3
IEX,EQ,152.2
IFBAGRO,EQ,450
IFBIND,EQ,757
IFCI,EQ,10.25
IFCI,NH,1036
IFGLEXPOR,EQ,232.1
IGARASHI,EQ,380.8
IGL,EQ,468
IGPL,EQ,457.5
IIFCL,N2,1058.49
IIFCL,N4,1285
IIFL,EQ,469
IIFL,N6,1010
IIFL,NE,980
IIFL,NF,997
IIFL,NG,1105
IIFL,NH,1033.99
IIFL,NI,1115.7
IIFL,NJ,1005
IIFL,NL,980
IIFL,NM,1004.99
IIFL,NN,1105
IIFL,NO,966.55
IIFL,NP,970
IIFL,NS,968.5
IIFL,NT,0
IIFLSEC,EQ,53.7
IIHFL,N4,1019
IIHFL,N5,999
IIHFL,N6,1085
IIHFL,NA,941.5
IIHFL,NC,958
IITL,EQ,87
IL&FSENGG,BZ,13.65
IL&FSTRANS,BZ,3.15
IMAGICAA,EQ,44.5
IMC1,N0,251.3
IMC1,N1,257.6
IMC1,N2,257
IMC1,N3,258.3
IMFA,EQ,286
IMPAL,EQ,636.05
IMPEXFERRO,EQ,2.85
INCREDFIN,N3,850
INCREDIBLE,EQ,19.5
INDBANK,EQ,24.85
INDHOTEL,EQ,328.15
INDIACEM,EQ,186.8
INDIAGLYCO,EQ,574.4
INDIAMART,EQ,5047
INDIANB,EQ,283.25
INDIANCARD,EQ,224.95
INDIANHUME,EQ,138
INDIGO,EQ,1904.5
INDIGOPNTS,EQ,1073
INDIGRID,IV,136.05
INDIGRID,ND,991
INDIGRID,NJ,1067.11
INDLMETER,BZ,3.55
INDNIPPON,EQ,345.6
INDOAMIN,EQ,81.3
INDOBORAX,EQ,110.3
INDOCO,EQ,336
INDORAMA,EQ,42.1
INDOSTAR,BE,126.4
INDOTECH,EQ,176.55
INDOTHAI,BE,253.35
INDOWIND,EQ,11.1
INDRAMEDCO,BE,82.5
INDSWFTLAB,EQ,62.6
INDSWFTLTD,EQ,9.6
INDTERRAIN,EQ,49.7
INDUSINDBK,EQ,1070
INDUSTOWER,EQ,142.3
INFIBEAM,EQ,14.2
INFOBEAN,EQ,511
INFOMEDIA,EQ,5.05
INFRABEES,EQ,541.58
INFY,EQ,1427
INGERRAND,EQ,2615.35
INNOVANA,SM,320
INNOVATIVE,ST,2.6
INOXGREEN,EQ,39.4
INOXWIND,EQ,99.45
INSECTICID,EQ,490.5
INSPIRISYS,EQ,48.9
INTELLECT,EQ,433.05
INTENTECH,EQ,64.15
INTLCONV,EQ,52
INVENTURE,EQ,1.9
IOB,EQ,22.7
IOC,EQ,77.85
IOLCP,EQ,332.2
IONEXCHANG,EQ,3348
IPCALAB,EQ,834
IPL,EQ,214.9
IRB,EQ,25.95
IRBINVIT,IV,70.49
IRCON,EQ,57.8
IRCTC,EQ,582.3
IREDA,N4,1021.01
IREDA,N5,1166
IREDA,N6,1344
IREDA,N7,1138
IRFC,EQ,27.55
IRFC,N2,1134
IRFC,N9,1021
IRFC,NA,1142.11
IRFC,NE,1171
IRFC,NI,1068.79
IRFC,NJ,1150
IRFC,NK,1206.5
IRFC,NN,1072.01
IRFC,NO,1160
IRIS,EQ,73.65
IRISDOREME,EQ,333
ISEC,EQ,463.5
ISFT,EQ,149.35
ISGEC,EQ,470.5
ISHAN,SM,21.75
ISMTLTD,EQ,69.55
ITBEES,EQ,30.18
ITC,EQ,388
ITDC,EQ,311
ITDCEM,EQ,110.2
ITI,EQ,91.7
IVC,EQ,6.4
IVP,EQ,131.7
IVZINGOLD,EQ,5379
IVZINNIFTY,EQ,1943.4
IWEL,EQ,1015.15
IZMO,EQ,137.05
J&KBANK,EQ,50.75
JAGRAN,EQ,73.2
JAGSNPHARM,EQ,341
JAIBALAJI,EQ,48.1
JAICORPLTD,EQ,142.45
JAINAM,SM,142
JAIPURKURT,EQ,88.15
JAKHARIA,SM,60
JALAN,SM,7.2
JAMNAAUTO,EQ,100.3
JASH,EQ,825
JAYAGROGN,EQ,163.7
JAYBARMARU,EQ,137.95
JAYNECOIND,EQ,21.7
JAYSREETEA,EQ,82.9
JBCHEPHARM,EQ,2050
JBFIND,BZ,6.7
JBMA,EQ,753.5
JCHAC,EQ,1095
JETAIRWAYS,BZ,63.4
JETFREIGHT,EQ,12.7
JHS,EQ,16.4
JINDALPHOT,EQ,322.8
JINDALPOLY,EQ,576.6
JINDALSAW,EQ,161.25
JINDALSTEL,EQ,549.05
JINDRILL,EQ,281
JINDWORLD,EQ,347.6
JISLDVREQS,EQ,18.4
JISLJALEQS,EQ,36.1
JITFINFRA,BE,91.7
JKCEMENT,EQ,2941.75
JKIL,EQ,250.95
JKLAKSHMI,EQ,809.6
JKPAPER,EQ,378.95
JKTYRE,EQ,162.4
JMA,EQ,62.05
JMFINANCIL,EQ,62.8
JOCIL,EQ,160
JPASSOCIAT,EQ,7.25
JPOLYINVST,EQ,512.65
JPPOWER,EQ,5.65
JSL,EQ,283.3
JSLL,SM,294
JSWENERGY,EQ,249
JSWHL,EQ,3949.95
JSWISPL,EQ,31.2
JSWSTEEL,EQ,689.5
JTEKTINDIA,EQ,102
JTLIND,EQ,337
JUBLFOOD,EQ,425.7
JUBLINDS,EQ,398
JUBLINGREA,EQ,394.6
JUBLPHARMA,EQ,301.9
JUNIORBEES,EQ,406
JUSTDIAL,EQ,614.15
JWL,EQ,102.35
JYOTHYLAB,EQ,195
JYOTISTRUC,BZ,6.2
KABRAEXTRU,EQ,491.9
KAJARIACER,EQ,1108.7
KAKATCEM,EQ,194.05
KALPATPOWR,EQ,518.5
KALYANIFRG,BE,250.05
KALYANKJIL,EQ,104.2
KAMATHOTEL,EQ,138
KAMDHENU,EQ,378.8
KAMOPAINTS,EQ,223.7
KANANIIND,EQ,7.35
KANORICHEM,EQ,121
KANPRPLA,EQ,83.8
KANSAINER,EQ,386
KAPSTON,EQ,137
KARMAENG,BE,35.15
KARURVYSYA,EQ,96.15
KAUSHALYA,EQ,4.4
KAVVERITEL,EQ,5.5
KAYA,EQ,332.95
KAYNES,EQ,942
KBCGLOBAL,BE,2.4
KCP,EQ,102.75
KCPSUGIND,EQ,25.05
KDDL,EQ,1085
KEC,EQ,472.75
KECL,EQ,74.1
KEEPLEARN,BE,3.65
KEERTI,BE,39.8
KEI,EQ,1706
KELLTONTEC,EQ,53.45
KENNAMET,EQ,2125.1
KERNEX,BE,237.4
KESORAMIND,EQ,59.2
KEYFINSERV,EQ,99
KFINTECH,EQ,285.1
KHADIM,EQ,191.7
KHAICHEM,EQ,75.5
KHAITANLTD,EQ,42.2
KHANDSE,EQ,27.15
KHFM,SM,34.7
KICL,EQ,1769
KILITCH,EQ,159.7
KIMS,EQ,1412
KINGFA,EQ,1359.95
KIOCL,EQ,176
KIRIINDUS,EQ,295.1
KIRLFER,EQ,431
KIRLOSBROS,EQ,418
KIRLOSENG,EQ,380.6
KIRLOSIND,EQ,2635
KITEX,EQ,147.6
KKCL,EQ,412.8
KMSUGAR,EQ,28
KNAGRI,SM,121
KNRCON,EQ,252.4
KOHINOOR,EQ,31.15
KOKUYOCMLN,EQ,71.65
KOLTEPATIL,EQ,270
KOPRAN,EQ,125
KORE,SM,194.35
KOTAKALPHA,EQ,25.3
KOTAKBANK,EQ,1757.3
KOTAKBKETF,EQ,414.49
KOTAKCONS,EQ,72.52
KOTAKGOLD,EQ,51.43
KOTAKIT,EQ,30.04
KOTAKLIQ,EQ,999.99
KOTAKLOVOL,EQ,13.08
KOTAKMID50,EQ,86.69
KOTAKMNC,EQ,19.14
KOTAKNIFTY,EQ,188.2
KOTAKNV20,EQ,102.6
KOTAKPSUBK,EQ,367.79
KOTAKSILVE,EQ,73.98
KOTARISUG,EQ,38.7
KOTHARIPET,EQ,60.4
KOTHARIPRO,EQ,114.85
KOTYARK,SM,415
KOVAI,EQ,1900
KPIGREEN,EQ,436
KPITTECH,EQ,799.95
KPRMILL,EQ,581.8
KRBL,EQ,343.8
KREBSBIO,EQ,85.8
KRIDHANINF,EQ,3.3
KRISHANA,EQ,484.95
KRISHIVAL,SM,270
KRISHNADEF,SM,139
KRITI,EQ,105.2
KRITIKA,EQ,13.35
KRITINUT,EQ,42
KRSNAA,EQ,503.1
KSB,EQ,2197.75
KSCL,EQ,485.45
KSHITIJPOL,EQ,17.3
KSL,EQ,311.8
KSOLVES,EQ,523
KTKBANK,EQ,129.2
KUANTUM,EQ,140.65
L&TFH,EQ,87.4
L&TFINANCE,NC,1021
L&TFINANCE,NE,1005.99
L&TFINANCE,NG,1090
L&TFINANCE,NI,1100
L&TFINANCE,NO,1007
L&TFINANCE,NQ,1004
L&TFINANCE,NS,1410
L&TFINANCE,NU,1036.05
L&TFINANCE,Y7,1004.1
L&TFINANCE,Y9,1048
LAGNAM,EQ,54.7
LAKPRE,BZ,4.25
LAL,EQ,121
LALPATHLAB,EQ,1849.5
LAMBODHARA,EQ,172.25
LANCER,EQ,165
LANDMARK,EQ,542.5
LAOPALA,EQ,369.45
LASA,EQ,22.4
LATENTVIEW,EQ,342.9
LATTEYS,SM,26
LAURUSLABS,EQ,304.45
LAXMICOT,EQ,19.05
LAXMIMACH,EQ,10600
LCCINFOTEC,EQ,1.85
LEMERITE,SM,46.75
LEMONTREE,EQ,76.4
LEXUS,EQ,68.65
LFIC,EQ,109.1
LGBBROSLTD,EQ,813.6
LGBFORGE,EQ,8.7
LIBAS,EQ,11.15
LIBERTSHOE,EQ,217.85
LICHSGFIN,EQ,333.6
LICI,EQ,549.9
LICNETFGSC,EQ,23.3
LICNETFN50,EQ,190.25
LICNETFSEN,EQ,652
LICNFNHGP,EQ,185
LIKHITHA,EQ,251.75
LINC,EQ,577
LINCOLN,EQ,373
LINDEINDIA,EQ,4200
LIQUIDBEES,EQ,999.99
LIQUIDETF,EQ,999.99
LLOYDS,SM,43
LODHA,EQ,940
LOKESHMACH,EQ,120
LOTUSEYE,EQ,61.6
LOVABLE,EQ,95.95
LOYALTEX,EQ,617
LPDC,EQ,6.2
LRRPL,SM,39
LSIL,EQ,18.85
LT,EQ,2310
LTGILTBEES,EQ,23.65
LTIM,EQ,4785.7
LTTS,EQ,3576
LUMAXIND,EQ,1925
LUMAXTECH,EQ,276
LUPIN,EQ,663.2
LUXIND,EQ,1219.5
LXCHEM,EQ,255.7
LYKALABS,EQ,110.65
LYPSAGEMS,EQ,4.3
M&M,EQ,1189
M&MFIN,EQ,250.55
M&MFIN,N2,1095
MAANALU,EQ,185.25
MACPOWER,EQ,291.6
MADHAV,EQ,42.15
MADHAVBAUG,SM,244
MADHUCON,EQ,4
MADRASFERT,EQ,59.7
MAESGETF,EQ,28.65
MAFANG,EQ,49.1
MAFSETF,EQ,18.53
MAGADSUGAR,EQ,336.05
MAGNUM,EQ,30.7
MAGOLDETF,EQ,59.6
MAGS813ETF,EQ,24.2
MAHABANK,EQ,26.1
MAHAPEXLTD,EQ,88.7
MAHASTEEL,EQ,57.4
MAHEPC,EQ,90.6
MAHESHWARI,EQ,87.95
MAHINDCIE,EQ,370.5
MAHKTECH,EQ,14.85
MAHLIFE,EQ,368.9
MAHLOG,EQ,383.1
MAHSCOOTER,EQ,4370.05
MAHSEAMLES,EQ,380.35
MAITHANALL,EQ,847.15
MALLCOM,EQ,797
MALUPAPER,EQ,28.8
MAM150ETF,EQ,11.6
MAMFGETF,EQ,81.25
MAN50ETF,EQ,184.35
MANAKALUCO,EQ,21.25
MANAKCOAT,EQ,15.5
MANAKSIA,EQ,120
MANAKSTEEL,EQ,36.3
MANALIPETC,EQ,68.7
MANAPPURAM,EQ,127.95
MANGALAM,EQ,113.7
MANGCHEFER,EQ,103.85
MANGLMCEM,EQ,265.1
MANINDS,EQ,92.6
MANINFRA,EQ,75.9
MANOMAY,EQ,129
MANORAMA,EQ,1055.15
MANORG,EQ,353
MANUGRAPH,EQ,16.2
MANV30F,EQ,131.95
MANXT50,EQ,385.73
MANYAVAR,EQ,1135
MAPMYINDIA,EQ,999.9
MARALOVER,EQ,54
MARATHON,EQ,308
MARICO,EQ,480
MARINE,EQ,36.85
MARKSANS,EQ,72.25
MARSHALL,BE,55.45
MARUTI,EQ,8534
MASFIN,EQ,739.7
MASKINVEST,BE,52.25
MASPTOP50,EQ,28.52
MASTEK,EQ,1565
MATRIMONY,EQ,531.35
MAWANASUG,EQ,89.75
MAXHEALTH,EQ,441.45
MAXIND,EQ,81.9
MAXVIL,EQ,155.25
MAYURUNIQ,EQ,437
MAZDA,EQ,637
MAZDOCK,EQ,686.1
MBAPL,EQ,586.1
MBECL,BE,3.8
MBLINFRA,EQ,16.7
MCDOWELL-N,EQ,748
MCL,EQ,26.75
MCLEODRUSS,BE,18.15
MCON,SM,88.9
MCX,EQ,1514
MEDANTA,EQ,491.7
MEDICAMEQ,EQ,705
MEDICO,EQ,84.4
MEDPLUS,EQ,673
MEGAFLEX,SM,34
MEGASOFT,EQ,27.7
MEGASTAR,EQ,228.2
MELSTAR,BZ,2.25
MENONBE,EQ,103.15
MEP,EQ,13.35
METALFORGE,BZ,2.8
METROBRAND,EQ,810
METROPOLIS,EQ,1249.9
MFL,EQ,965
MFSL,EQ,629
MGEL,EQ,17.5
MGL,EQ,991.85
MHLXMIRU,EQ,286
MHRIL,EQ,275.25
MICEL,EQ,12.6
MID150BEES,EQ,117.89
MIDHANI,EQ,186
MILTON,SM,23.15
MINDACORP,EQ,255.1
MINDSPACE,RR,318.51
MINDTECK,EQ,115
MIRCELECTR,EQ,13.15
MIRZAINT,BE,32.7
MITCON,EQ,66
MITTAL,EQ,10.5
MKPL,SM,751.3
MMFL,EQ,835.95
MMP,EQ,139.5
MMTC,EQ,29.8
MODIRUBBER,BE,60
MODISONLTD,EQ,56
MOGSEC,EQ,51.55
MOHEALTH,EQ,22.49
MOHITIND,EQ,13.6
MOHOTAIND,BZ,4.3
MOIL,EQ,147.75
MOKSH,EQ,9.75
MOL,EQ,89.8
MOLDTECH,EQ,277.8
MOLDTKPAC,EQ,959
MOLOWVOL,EQ,25.06
MOM100,EQ,32.21
MOM50,EQ,177.86
MOMENTUM,EQ,18.54
MOMOMENTUM,EQ,36.96
MON100,EQ,103.6
MONARCH,EQ,207.5
MONQ50,EQ,53
MONTECARLO,EQ,658.5
MOQUALITY,EQ,117.07
MORARJEE,EQ,19.25
MOREPENLAB,EQ,26.8
MOTHERSON,EQ,67.8
MOTILALOFS,EQ,639.95
MOTOGENFIN,BE,33
MOVALUE,EQ,48.73
MOXSH,SM,84
MPHASIS,EQ,1815.05
MPSLTD,EQ,906.95
MRF,EQ,84537.25
MRO-TEK,EQ,58.6
MRPL,EQ,54.2
MSPL,EQ,9.25
MSTCLTD,EQ,267.95
MSUMI,EQ,49.75
MTARTECH,EQ,1646.15
MTEDUCARE,BE,4.1
MTNL,EQ,18.8
MUKANDLTD,EQ,138.65
MUKTAARTS,EQ,50.25
MUNJALAU,EQ,41.4
MUNJALSHOW,EQ,91.4
MURUDCERA,EQ,34.65
MUTHOOTCAP,EQ,275
MUTHOOTFIN,EQ,1022.45
MWL,SM,110.5
NABARD,N1,1145
NABARD,N2,1125
NACLIND,EQ,84
NAGAFERT,EQ,11.1
NAGREEKCAP,EQ,21.8
NAGREEKEXP,EQ,32.1
NAHARCAP,EQ,269.1
NAHARINDUS,EQ,99.5
NAHARPOLY,EQ,242
NAHARSPING,EQ,273.8
NAM-INDIA,EQ,215.3
NARMADA,EQ,21.3
NATCOPHARM,EQ,590.85
NATHBIOGEN,EQ,153.05
NATIONALUM,EQ,80.2
NATNLSTEEL,BE,3.85
NAUKRI,EQ,3715
NAVA,EQ,231.6
NAVIFIN,N1,991
NAVINFLUOR,EQ,4265.1
NAVKARCORP,EQ,55.7
NAVNETEDUL,EQ,102.1
NAZARA,EQ,540.35
NBCC,EQ,37.25
NBIFIN,EQ,1471.05
NCC,EQ,107.6
NCLIND,EQ,180.1
NDGL,EQ,1333.7
NDL,EQ,25.4
NDRAUTO,EQ,590
NDTV,EQ,194.7
NECCLTD,EQ,18.65
NECLIFE,EQ,17.05
NELCAST,EQ,96.25
NELCO,EQ,561.45
NEOGEN,EQ,1409.05
NESCO,EQ,541
NESTLEIND,EQ,19600
NETF,EQ,184.21
NETWORK18,EQ,56.15
NEULANDLAB,EQ,2119
NEWGEN,EQ,444.9
NEXTMEDIA,EQ,4.65
NFL,EQ,76
NGIL,EQ,55.4
NGLFINE,EQ,1370
NH,EQ,769
NHAI,N2,1139
NHAI,N4,1029
NHAI,N6,1164.9
NHAI,N8,1052.75
NHAI,NA,1125
NHAI,NC,1079.99
NHAI,ND,1160
NHAI,NE,1160
NHBTF2014,N6,6600
NHBTF2023,N6,5831
NHIT,N1,305
NHIT,N2,305
NHIT,N3,409.99
NHPC,EQ,40
NHPC,N6,1299
NIACL,EQ,102.2
NIBL,EQ,18.1
NIDAN,SM,38.75
NIF100BEES,EQ,181.23
NIFTYBEES,EQ,192.57
NIFTYQLITY,EQ,14.35
NIITLTD,EQ,360
NILAINFRA,EQ,5.2
NILASPACES,EQ,2.9
NILKAMAL,EQ,1891
NINSYS,EQ,316.6
NIPPOBATRY,EQ,335.95
NIRAJ,EQ,30.3
NIRMAN,ST,74.75
NITCO,EQ,19.75
NITINSPIN,EQ,258
NITIRAJ,EQ,72.2
NKIND,EQ,39
NLCINDIA,EQ,76.8
NMDC,EQ,110.9
NOCIL,EQ,210
NOIDATOLL,EQ,6.9
NORBTEAEXP,EQ,8.25
NOVARTIND,EQ,600.25
NPBET,EQ,210
NPST,SM,564
NRAIL,EQ,224.9
NRBBEARING,EQ,137.55
NRL,EQ,116.05
NSIL,EQ,2142
NSLNISP,EQ,32.5
NTPC,EQ,177.65
NTPC,N4,1037.55
NTPC,N7,10.23
NTPC,NA,1250
NTPC,ND,1220
NUCLEUS,EQ,659.95
NURECA,EQ,332.5
NUVOCO,EQ,338
NV20BEES,EQ,104.75
NXTDIGITAL,EQ,114.9
NYKAA,EQ,129.1
OAL,EQ,348
OBCL,EQ,52.5
OBEROIRLTY,EQ,908.6
OCCL,EQ,698.25
OFSS,EQ,3305
OIL,EQ,258.05
OILCOUNTUB,EQ,15.25
OLECTRA,EQ,659
OMAXAUTO,EQ,38.4
OMAXE,EQ,53.9
OMINFRAL,EQ,36.35
OMKARCHEM,BZ,8.3
ONELIFECAP,EQ,13.7
ONEPOINT,EQ,18.85
ONGC,EQ,156.6
ONMOBILE,EQ,65.2
ONWARDTEC,EQ,335
OPTIEMUS,EQ,201
ORBTEXP,EQ,128
ORCHPHARMA,BE,394.5
ORICONENT,EQ,19.3
ORIENTABRA,EQ,25.2
ORIENTALTL,EQ,6.4
ORIENTBELL,EQ,529.5
ORIENTCEM,EQ,118.05
ORIENTELEC,EQ,228.3
ORIENTHOT,EQ,81.95
ORIENTLTD,EQ,57.75
ORIENTPPR,EQ,38.2
ORISSAMINE,EQ,2487
ORTEL,BZ,1
ORTINLAB,EQ,19.45
OSIAHYPER,EQ,34.8
OSWALAGRO,EQ,28.25
OSWALSEEDS,EQ,358
PAGEIND,EQ,36678
PAISALO,EQ,54.95
PALASHSECU,EQ,101.15
PALREDTEC,EQ,133.7
PANACEABIO,EQ,116
PANACHE,BE,64.45
PANAMAPET,EQ,298
PANSARI,EQ,80.5
PAR,EQ,140
PARACABLES,EQ,34.35
PARADEEP,EQ,52.9
PARAGMILK,EQ,82.7
PARAS,EQ,489.7
PARASPETRO,BE,0.95
PARSVNATH,EQ,7
PARTYCRUS,SM,107.25
PASUPTAC,EQ,28.75
PATANJALI,BE,956
PATELENG,EQ,15
PATINTLOG,EQ,12
PAYTM,EQ,659
PCBL,EQ,113.65
PCHFL,N2,1045
PCHFL,N6,1040
PCHFL,N8,1030
PCJEWELLER,EQ,27.05
PDMJEPAPER,EQ,39.4
PDSL,EQ,352
PEARLPOLY,EQ,20.05
PEL,EQ,702
PENIND,EQ,78.3
PENINLAND,EQ,14.7
PERFECT,SM,25.65
PERSISTENT,EQ,4568
PETRONET,EQ,228.2
PFC,EQ,166.65
PFC,N3,1220
PFC,N5,1133
PFC,N6,1036.15
PFC,N8,1302
PFIZER,EQ,3613
PFOCUS,EQ,89.8
PFS,EQ,14.25
PGEL,EQ,1438
PGHH,EQ,14050
PGHL,EQ,4938
PGIL,EQ,413
PGINVIT,IV,123.13
PHANTOMFX,SM,184.45
PHARMABEES,EQ,12.45
PHOENIXLTD,EQ,1288
PIDILITIND,EQ,2359
PIGL,SM,65.95
PIIND,EQ,3030.25
PILANIINVS,EQ,1716
PILITA,EQ,6.8
PIONEEREMB,EQ,32.15
PITTIENG,EQ,293
PIXTRANS,EQ,812
PKTEA,BE,300
PLASTIBLEN,EQ,163.05
PNB,EQ,47
PNBGILTS,EQ,59.3
PNBHOUSING,EQ,449.6
PNC,EQ,33.8
PNCINFRA,EQ,291.5
POCL,EQ,334.6
PODDARHOUS,EQ,98.55
PODDARMENT,EQ,271.05
POKARNA,EQ,273.95
POLICYBZR,EQ,589.9
POLYCAB,EQ,2981.65
POLYMED,EQ,944
POLYPLEX,EQ,1267.6
PONNIERODE,EQ,468.35
POONAWALLA,EQ,286.55
POWERGRID,EQ,228.9
POWERINDIA,EQ,3160.2
POWERMECH,EQ,2483.2
PPAP,EQ,185.5
PPL,EQ,147.8
PPLPHARMA,EQ,69.9
PRAENG,EQ,12.5
PRAJIND,EQ,342.05
PRAKASH,EQ,52.4
PRAKASHSTL,EQ,4.2
PRAXIS,EQ,19
PRECAM,EQ,104.25
PRECOT,EQ,198.9
PRECWIRE,EQ,70.2
PREMEXPLN,EQ,413
PREMIER,BE,2.3
PREMIERPOL,EQ,82.5
PRESSMN,EQ,71
PRESTIGE,EQ,448
PRICOLLTD,EQ,228.75
PRIMESECU,EQ,112
PRINCEPIPE,EQ,563
PRITI,EQ,151
PRITIKA,SM,27.1
PRITIKAUTO,EQ,15.85
PRIVISCL,EQ,1092
PROPEQUITY,SM,156
PROZONINTU,EQ,23.75
PRSMJOHNSN,EQ,110
PRUDENT,EQ,817
PSB,EQ,26.1
PSPPROJECT,EQ,678.5
PSUBANKICI,EQ,37.2
PSUBNKBEES,EQ,41.16
PTC,EQ,93.05
PTL,EQ,31.15
PUNJABCHEM,EQ,830.25
PURVA,EQ,75.75
PVP,EQ,8.9
PVR,EQ,1550
QFIL,ST,101.2
QGOLDHALF,EQ,51.17
QMSMEDI,SM,140
QNIFTY,EQ,1868
QUADPRO,SM,5
QUESS,EQ,373.6
QUICKHEAL,EQ,145.9
QUINTEGRA,BE,0.9
RADHIKAJWE,EQ,151.2
RADIANTCMS,EQ,93.6
RADICO,EQ,1114.85
RADIOCITY,EQ,11.45
RAILTEL,EQ,104.7
RAIN,EQ,154.6
RAINBOW,EQ,738.95
RAJESHEXPO,EQ,619.95
RAJMET,EQ,13.1
RAJRATAN,EQ,768.95
RAJRILTD,BE,59
RAJSREESUG,EQ,41.5
RAJTV,EQ,44.55
RAJVIR,BZ,5.25
RALLIS,EQ,204.5
RAMANEWS,EQ,12.05
RAMAPHO,EQ,230.5
RAMASTEEL,EQ,31.15
RAMCOCEM,EQ,757.5
RAMCOIND,EQ,131.8
RAMCOSYS,EQ,224.8
RAMKY,EQ,324
RAMRAT,EQ,194.95
RANASUG,EQ,23
RANEENGINE,EQ,216.8
RANEHOLDIN,EQ,876.1
RATEGAIN,EQ,350
RATNAMANI,EQ,2061
RAYMOND,EQ,1289.4
RBA,EQ,94.2
RBL,EQ,677.95
RBLBANK,EQ,143.8
RBMINFRA,SM,63.6
RCF,EQ,99.95
RCOM,BE,1.45
RECLTD,EQ,124.2
RECLTD,N2,1093.05
RECLTD,N4,1094
RECLTD,N8,1039.55
RECLTD,N9,1172
RECLTD,NF,1210
RECLTD,NH,1200
RECLTD,NI,1150.1
REDINGTON,EQ,175.1
REFEX,EQ,288.85
REGENCERAM,BE,22.85
RELAXO,EQ,823.5
RELCAPITAL,BE,9.45
RELCHEMQ,EQ,184.05
RELIANCE,EQ,2324.05
RELIGARE,EQ,148.95
RELINFRA,EQ,146.9
REMSONSIND,EQ,225.1
RENUKA,EQ,45.45
REPCOHOME,EQ,189.5
REPL,EQ,160.05
REPRO,EQ,376.05
RESPONIND,EQ,129.4
REVATHI,EQ,1340
RGL,EQ,84.65
RHFL,EQ,3.45
RHIM,EQ,612.7
RICOAUTO,EQ,71.3
RIIL,EQ,812.25
RITCO,EQ,164.5
RITES,EQ,350
RITEZONE,SM,72
RKDL,EQ,14.85
RKEC,EQ,53.8
RKFORGE,EQ,307
RMCL,BZ,1.4
RMDRIP,SM,54.85
RML,EQ,423.5
RNAVAL,BZ,1.85
ROHLTD,EQ,259
ROLEXRINGS,EQ,1955
ROLLT,EQ,1.1
ROLTA,BZ,1.85
ROML,EQ,38.35
ROSSARI,EQ,745.9
ROSSELLIND,EQ,263.5
ROTO,EQ,579.3
ROUTE,EQ,1262.95
RPGLIFE,EQ,737
RPOWER,EQ,10.9
RPPINFRA,EQ,42.3
RPPL,EQ,156.1
RPSGVENT,EQ,394
RSSOFTWARE,EQ,25.65
RSWM,EQ,167.9
RSYSTEMS,EQ,256.55
RTNINDIA,EQ,38.6
RTNPOWER,EQ,3.3
RUBYMILLS,EQ,184.45
RUCHINFRA,BE,8.4
RUCHIRA,EQ,102.1
RUPA,EQ,224.3
RUSHIL,EQ,278.6
RUSTOMJEE,EQ,442
RVHL,EQ,21.65
RVNL,EQ,74.2
SABAR,SM,13.5
SABTN,BE,1.6
SADBHAV,EQ,10.4
SADBHIN,EQ,3.6
SAFARI,EQ,2113.85
SAGARDEEP,EQ,22.7
SAGCEM,EQ,185.1
SAH,EQ,75
SAHYADRI,EQ,373
SAIL,EQ,82.5
SAKAR,EQ,221.8
SAKHTISUG,EQ,21.7
SAKSOFT,EQ,161
SAKUMA,EQ,10.85
SALASAR,EQ,40.6
SALONA,EQ,240
SALSTEEL,EQ,15.25
SALZERELEC,EQ,295.15
SAMBHAAV,EQ,3.05
SANCO,BZ,7.55
SANDESH,EQ,915.2
SANDHAR,EQ,203.55
SANGAMIND,EQ,243
SANGHIIND,EQ,68
SANGHVIMOV,EQ,361.8
SANGINITA,EQ,19.6
SANOFI,EQ,5989.9
SANSERA,EQ,734
SANWARIA,BZ,0.6
SAPPHIRE,EQ,1192.2
SARDAEN,EQ,1109.05
SAREGAMA,EQ,328.9
SARLAPOLY,EQ,37.4
SARVESHWAR,EQ,79.35
SASKEN,EQ,824.2
SASTASUNDR,EQ,243
SATIA,EQ,112.9
SATIN,EQ,140.25
SATINDLTD,EQ,65.75
SBC,EQ,18.3
SBCL,EQ,515.45
SBGLP,EQ,193.7
SBICARD,EQ,739.6
SBIETFCON,EQ,73.25
SBIETFIT,EQ,302
SBIETFPB,EQ,207.9
SBIETFQLTY,EQ,150.23
SBILIFE,EQ,1106
SBIN,EQ,525.7
SCAPDVR,EQ,16.65
SCHAEFFLER,EQ,3098
SCHAND,EQ,218.7
SCHNEIDER,EQ,162.6
SCI,BE,80.5
SCPL,EQ,668.7
SDBL,EQ,148.05
SDL24BEES,EQ,112.42
SDL26BEES,EQ,112.44
SEAMECLTD,EQ,615.9
SECURCRED,EQ,23.25
SECURKLOUD,EQ,34.95
SELAN,EQ,263.55
SELMC,BE,154.55
SEPC,EQ,11
SEPC-RE,BE,0.85
SEPOWER,EQ,14.15
SEQUENT,EQ,73.05
SERVOTECH,BE,43.65
SESHAPAPER,EQ,245.6
SETCO,EQ,6.95
SETF10GILT,EQ,211.79
SETFGOLD,EQ,52.76
SETFNIF50,EQ,182.37
SETFNIFBK,EQ,409.51
SETFNN50,EQ,401.1
SETUINFRA,BE,1.05
SEYAIND,BE,17.7
SFL,EQ,1061.1
SGBAPR28I,GB,5659
SGBAUG24,GB,5965
SGBAUG27,GB,5710
SGBAUG28V,GB,5699.99
SGBAUG29V,GB,5562
SGBAUG30,GB,5580.1
SGBD29VIII,GB,5577
SGBDC27VII,GB,5665
SGBDE30III,GB,5660
SGBDEC25,GB,5922
SGBDEC2513,GB,5880.01
SGBDEC25XI,GB,5900.01
SGBFEB24,GB,5950.5
SGBFEB28IX,GB,5736.99
SGBFEB29XI,GB,5574.99
SGBJ28VIII,GB,5600
SGBJAN26,GB,5975
SGBJAN27,GB,5652
SGBJAN29IX,GB,5590
SGBJAN29X,GB,5659
SGBJAN30IX,GB,5560
SGBJU29III,GB,5570.01
SGBJUL25,GB,5900
SGBJUL27,GB,5670
SGBJUL28IV,GB,5634
SGBJUL29IV,GB,5570.01
SGBJUN28,GB,5575
SGBJUN29II,GB,5560
SGBJUN30,GB,5580
SGBMAR24,GB,5901
SGBMAR25,GB,5900.01
SGBMAR28X,GB,5580
SGBMAR30X,GB,5589.9
SGBMAR31IV,GB,5670
SGBMAY25,GB,5925
SGBMAY26,GB,5960.06
SGBMAY28,GB,5630
SGBMAY29I,GB,5580
SGBMR29XII,GB,5564.99
SGBN28VIII,GB,5698
SGBNOV23,GB,5988
SGBNOV24,GB,5935.01
SGBNOV25,GB,5900
SGBNOV258,GB,5930.01
SGBNOV26,GB,5800
SGBNV29VII,GB,5580
SGBOC28VII,GB,5650
SGBOCT25,GB,5900
SGBOCT25IV,GB,5960
SGBOCT25V,GB,6020.01
SGBOCT27,GB,5625
SGBOCT27VI,GB,5635
SGBSEP24,GB,5894
SGBSEP27,GB,5725
SGBSEP28VI,GB,5635
SGBSEP29VI,GB,5555
SGIL,EQ,124.8
SGL,EQ,15
SHAHALLOYS,EQ,51.25
SHAILY,EQ,1088.25
SHAKTIPUMP,EQ,431
SHALBY,EQ,146
SHALPAINTS,EQ,149.95
SHANKARA,EQ,643.3
SHANTI,EQ,15.35
SHANTIGEAR,EQ,374.05
SHARDACROP,EQ,467
SHARDAMOTR,EQ,630
SHAREINDIA,EQ,1190
SHAREINDIA,W1,685
SHARIABEES,EQ,397.5
SHEMAROO,EQ,116.95
SHERA,SM,69.15
SHILPAMED,EQ,233.7
SHIVALIK,EQ,772.5
SHIVAMAUTO,EQ,26
SHIVAMILLS,EQ,74.3
SHIVATEX,EQ,121.85
SHK,EQ,105
SHOPERSTOP,EQ,600
SHRADHA,EQ,39.25
SHREDIGCEM,EQ,63.5
SHREECEM,EQ,25950
SHREEPUSHK,EQ,157.8
SHREERAMA,EQ,10.2
SHRENIK,EQ,1.3
SHREYANIND,EQ,157
SHREYAS,EQ,268
SHRIPISTON,BE,1160
SHRIRAMFIN,EQ,1303
SHRIRAMFIN,YH,998.05
SHRIRAMFIN,YI,1059
SHRIRAMFIN,YK,1064
SHRIRAMFIN,YN,1524
SHRIRAMFIN,YO,1009
SHRIRAMFIN,YP,1019.95
SHRIRAMFIN,YV,1000
SHRIRAMFIN,YW,1030
SHRIRAMFIN,Z8,1055
SHRIRAMFIN,ZF,1003
SHRIRAMFIN,ZH,1008
SHRIRAMPPS,EQ,64.95
SHUBHLAXMI,SM,45
SHYAMCENT,EQ,17.95
SHYAMMETL,EQ,282
SHYAMTEL,EQ,8.25
SIDDHIKA,SM,164.6
SIEMENS,EQ,3380
SIGACHI,EQ,239
SIGIND,EQ,35.2
SIGMA,SM,177
SIKKO,EQ,85.85
SIL,BE,29.45
SILGO,EQ,16.8
SILINV,EQ,290.8
SILLYMONKS,EQ,18
SILVER,EQ,76.05
SILVERBEES,EQ,73.23
SILVERTUC,EQ,355.5
SIMBHALS,EQ,21.8
SIMPLEXINF,EQ,39.15
SINTERCOM,EQ,100.25
SIRCA,EQ,628.85
SIS,EQ,347.05
SITINET,EQ,1.25
SIYSIL,EQ,453
SJS,EQ,405.95
SJVN,EQ,32.7
SKFINDIA,EQ,4308
SKIL,BE,3.55
SKIPPER,EQ,102.85
SKMEGGPROD,EQ,154.6
SKYGOLD,EQ,347.95
SMARTLINK,EQ,152.95
SMCGLOBAL,EQ,72.35
SMLISUZU,EQ,876.9
SMLT,EQ,177
SMSLIFE,EQ,560
SMSPHARMA,EQ,69.7
SNOWMAN,EQ,32.7
SOBHA,EQ,463.5
SOFTTECH,EQ,145.45
SOLARA,EQ,338.55
SOLARINDS,EQ,3730
SOLEX,SM,388
SOMANYCERA,EQ,491
SOMATEX,BE,30.25
SOMICONVEY,EQ,42.6
SONACOMS,EQ,418.75
SONAMCLOCK,EQ,38.8
SONATSOFTW,EQ,857.95
SOTL,EQ,260.8
SOUTHBANK,EQ,15.3
SOUTHWEST,EQ,148
SPAL,EQ,337
SPANDANA,EQ,545
SPARC,EQ,182.65
SPCENET,EQ,16
SPECIALITY,EQ,212.2
SPECTRUM,SM,379
SPENCERS,EQ,57.6
SPENTEX,BZ,1.15
SPIC,EQ,61.05
SPICEJET,EQ,32
SPLIL,EQ,63.5
SPLPETRO,EQ,388.6
SPMLINFRA,EQ,20.4
SPORTKING,EQ,674.2
SPTL,BE,2.3
SPYL,BE,0.6
SREEL,EQ,178
SREIBNPNCD,NR,135
SREIBNPNCD,NU,139
SREIBNPNCD,NV,140.1
SREIBNPNCD,NW,155.19
SREINFRA,BE,2.3
SRF,EQ,2393
SRHHYPOLTD,EQ,474.35
SRIRAM,ST,5.45
SRIVASAVI,SM,56.75
SRPL,EQ,45
SSWL,EQ,155
STAMPEDE,BE,1.05
STAR,EQ,310.1
STARCEMENT,EQ,115
STARHEALTH,EQ,564
STARPAPER,EQ,155.8
STARTECK,EQ,117.9
STCINDIA,EQ,72.65
STEELCAS,EQ,483.35
STEELCITY,EQ,62.5
STEELXIND,EQ,15.15
STEL,EQ,145
STERTOOLS,EQ,431.6
STLTECH,EQ,157.3
STOVEKRAFT,EQ,372.95
STYLAMIND,EQ,1072
STYRENIX,EQ,772
SUBEXLTD,EQ,32.1
SUBROS,EQ,300.6
SUDARSCHEM,EQ,420
SUKHJITS,EQ,395
SULA,EQ,361.1
SUMEETINDS,BE,2.6
SUMICHEM,EQ,427.7
SUMIT,BE,33.8
SUMMITSEC,EQ,581
SUNCLAYLTD,EQ,3758
SUNDARAM,EQ,2.5
SUNDARMFIN,EQ,2365
SUNDARMHLD,EQ,81.5
SUNDRMBRAK,EQ,360.4
SUNDRMFAST,EQ,995.75
SUNFLAG,EQ,147.3
SUNPHARMA,EQ,1008.4
SUNTECK,EQ,295.35
SUNTV,EQ,425
SUPERHOUSE,EQ,241.45
SUPERSPIN,EQ,7.1
SUPRAJIT,EQ,355
SUPREMEENG,EQ,0.85
SUPREMEIND,EQ,2558
SUPREMEINF,EQ,22.9
SUPRIYA,EQ,212.3
SURANASOL,EQ,19.5
SURANAT&P,EQ,9.5
SURANI,SM,65.15
SURYALAXMI,EQ,51
SURYAROSNI,EQ,727.75
SURYODAY,EQ,100.85
SUTLEJTEX,EQ,44.45
SUULD,EQ,13.65
SUVEN,EQ,51.3
SUVENPHAR,EQ,467.05
SUVIDHAA,EQ,4.55
SUZLON,EQ,8.1
SVLL,SM,126
SVPGLOB,EQ,10
SWANENERGY,EQ,221.8
SWARAJ,SM,56.25
SWARAJENG,EQ,1598.5
SWELECTES,EQ,310.5
SWSOLAR,EQ,301.3
SYMPHONY,EQ,964.4
SYNCOMF,EQ,6.6
SYNGENE,EQ,603
SYRMA,EQ,279.25
SYSTANGO,SM,187
TAINWALCHM,EQ,115.9
TAJGVK,EQ,202.5
TAKE,EQ,15.85
TALBROAUTO,EQ,446
TANLA,EQ,569
TANTIACONS,BZ,9.45
TAPIFRUIT,SM,128.95
TARACHAND,SM,97
TARAPUR,EQ,3.3
TARC,EQ,44.5
TARMAT,EQ,74.45
TARSONS,EQ,562
TASTYBITE,EQ,9074.1
TATACAPHSG,N4,1005
TATACAPHSG,N8,1011
TATACAPHSG,NB,1054.75
TATACHEM,EQ,1002.35
TATACOFFEE,EQ,210.1
TATACOMM,EQ,1268.35
TATACONSUM,EQ,721.8
TATAELXSI,EQ,6233
TATAINVEST,EQ,1958
TATAMETALI,EQ,753.6
TATAMOTORS,EQ,460.9
TATAMTRDVR,EQ,229.4
TATAPOWER,EQ,195.8
TATASTEEL,EQ,105.1
TATASTLLP,EQ,638.8
TATVA,EQ,1639
TBZ,EQ,65.8
TCFSL,ND,1049
TCFSL,NF,1100
TCFSL,NJ,1054.99
TCFSL,NL,1090
TCI,EQ,613.4
TCIEXP,EQ,1479
TCIFINANCE,BE,2.85
TCNSBRANDS,EQ,464.85
TCPLPACK,EQ,1493.4
TCS,EQ,3263
TDPOWERSYS,EQ,158
TEAMLEASE,EQ,2190
TECH,EQ,29.5
TECHIN,EQ,9.05
TECHM,EQ,1107.9
TECHNOE,EQ,338.95
TEGA,EQ,688
TEJASNET,EQ,611.5
TEMBO,EQ,188.6
TERASOFT,EQ,37
TEXINFRA,EQ,51.5
TEXMOPIPES,EQ,49.45
TEXRAIL,EQ,45.9
TFCILTD,EQ,72.1
TFL,EQ,8.95
TGBHOTELS,EQ,8.95
THANGAMAYL,EQ,1007
THEINVEST,EQ,72.05
THEJO,SM,1450
THEMISMED,EQ,1254
THERMAX,EQ,2305.55
THOMASCOOK,EQ,62.9
THOMASCOTT,EQ,43.3
THYROCARE,EQ,473
TI,EQ,115.5
TIDEWATER,EQ,857.7
TIIL,EQ,1358
TIINDIA,EQ,2572
TIJARIA,EQ,4.7
TIL,BZ,145
TIMESGTY,EQ,54.15
TIMETECHNO,EQ,81.5
TIMKEN,EQ,2932.75
TINPLATE,EQ,315.8
TIPSFILMS,EQ,424.8
TIPSINDLTD,EQ,1597.5
TIRUMALCHM,EQ,182.5
TIRUPATIFL,EQ,10.2
TITAN,EQ,2578
TMB,EQ,400
TNIDETF,EQ,53.33
TNPETRO,EQ,77
TNPL,EQ,230.5
TNTELE,BE,6.25
TOKYOPLAST,EQ,98
TORNTPHARM,EQ,1571.5
TORNTPOWER,EQ,520.05
TOTAL,EQ,132.6
TOUCHWOOD,EQ,173
TPLPLASTEH,EQ,30.3
TRACXN,EQ,70.2
TREEHOUSE,EQ,16
TREJHARA,EQ,57.25
TRENT,EQ,1353.75
TRF,EQ,160.5
TRIDENT,EQ,29.8
TRIGYN,EQ,93.8
TRIL,EQ,59.6
TRITURBINE,EQ,332.1
TRIVENI,EQ,275.85
TRU,EQ,61.5
TTKHLTCARE,EQ,1298
TTKPRESTIG,EQ,715
TTL,EQ,73.55
TTML,EQ,60.95
TV18BRDCST,EQ,30.05
TVSELECT,EQ,360.05
TVSMOTOR,EQ,1102.2
TVSSRICHAK,EQ,2721
TVTODAY,EQ,196.95
TVVISION,EQ,2.3
TWL,EQ,287
UBL,EQ,1398
UCALFUEL,EQ,116.9
UCOBANK,EQ,24.85
UDAICEMENT,EQ,28.45
UFLEX,EQ,372
UFO,EQ,69.3
UGARSUGAR,EQ,97.75
UGROCAP,EQ,160
UGROCAP,N1,670
UGROCAP,N2,1000
UGROCAP,N4,1002
UGROCAP,N7,1004.95
UJAAS,BE,1.95
UJJIVAN,EQ,264.55
UJJIVANSFB,EQ,26.35
ULTRACEMCO,EQ,7700
UMA,SM,33
UMAEXPORTS,EQ,40.4
UMANGDAIRY,EQ,61.15
UMESLTD,EQ,3.6
UNICHEMLAB,EQ,369
UNIDT,EQ,220.55
UNIENTER,EQ,156.1
UNIINFO,EQ,18.9
UNIONBANK,EQ,66.7
UNIPARTS,EQ,524
UNITECH,BZ,1.35
UNITEDPOLY,EQ,84.15
UNITEDTEA,EQ,273.15
UNIVAFOODS,BE,6.4
UNIVASTU,EQ,85.5
UNIVCABLES,EQ,407.15
UNIVPHOTO,EQ,381.8
UNOMINDA,EQ,504.45
UPL,EQ,735.3
URJA,EQ,7.65
USASEEDS,SM,479.1
USHAMART,EQ,210.5
USK,BE,33.05
UTIAMC,EQ,668.3
UTIBANKETF,EQ,41.28
UTINEXT50,EQ,41.1
UTINIFTETF,EQ,1879.19
UTISENSETF,EQ,636.21
UTISXN50,EQ,48.25
UTTAMSUGAR,EQ,248
V2RETAIL,EQ,80
VADILALIND,EQ,2038
VAIBHAVGBL,EQ,308.1
VAISHALI,EQ,145
VAKRANGEE,EQ,17.1
VALIANTORG,EQ,437.85
VARDHACRLC,EQ,49.75
VARDMNPOLY,EQ,28
VARROC,EQ,261.15
VASCONEQ,EQ,27.4
VASWANI,EQ,20.8
VBL,EQ,1416.4
VCL,EQ,2.25
VEDL,EQ,269.6
VEEKAYEM,SM,40.6
VELS,SM,101.5
VENKEYS,EQ,1520
VENUSPIPES,EQ,781.95
VENUSREM,EQ,173
VERANDA,EQ,196.1
VERTEXPLUS,SM,105.9
VERTOZ,EQ,217.95
VESUVIUS,EQ,1709.75
VETO,EQ,84.85
VGUARD,EQ,250.9
VHL,EQ,2657.95
VIAZ,SM,55.05
VICEROY,BZ,2.3
VIDHIING,EQ,345
VIJAYA,EQ,391.95
VIJIFIN,EQ,2.3
VIKASECO,EQ,2.65
VIKASLIFE,EQ,3.3
VIKASPROP,BZ,0.4
VIKASWSP,BZ,1.2
VIMTALABS,EQ,337.2
VINATIORGA,EQ,1872.4
VINDHYATEL,EQ,1735
VINEETLAB,EQ,47
VINNY,BE,7.95
VINYLINDIA,EQ,405.2
VIPCLOTHNG,EQ,40.55
VIPIND,EQ,600.45
VIPULLTD,EQ,12.75
VISAKAIND,EQ,384
VISASTEEL,BE,11.45
VISESHINFO,EQ,0.5
VISHAL,EQ,19.1
VISHNU,EQ,305.85
VISHWARAJ,EQ,15.3
VITAL,SM,97
VIVIANA,SM,105.5
VIVIDHA,EQ,1
VIVIMEDLAB,BZ,6.55
VIVO,SM,96.65
VLSFINANCE,EQ,151.55
VMARCIND,SM,45.5
VMART,EQ,2104
VOLTAMP,EQ,2902
VOLTAS,EQ,823.55
VRLLOG,EQ,635.25
VSCL,SM,28.8
VSSL,EQ,414
VSTIND,EQ,3314
VSTTILLERS,EQ,2448
VTL,EQ,305.5
WABAG,EQ,352.2
WALCHANNAG,EQ,60.6
WALPAR,SM,53.95
WANBURY,BE,38.65
WATERBASE,EQ,66.45
WEALTH,EQ,297.05
WEBELSOLAR,EQ,82.3
WEIZMANIND,EQ,83.1
WEL,EQ,223.9
WELCORP,EQ,212.6
WELENT,EQ,131.95
WELINV,EQ,289.5
WELSPUNIND,EQ,74.4
WENDT,EQ,8635.1
WESTLIFE,EQ,728
WEWIN,EQ,40.35
WHEELS,EQ,505
WHIRLPOOL,EQ,1328.95
WILLAMAGOR,EQ,19.1
WINDLAS,EQ,248
WINDMACHIN,EQ,40.05
WINPRO,EQ,2.4
WIPL,BE,87.9
WIPRO,EQ,374.1
WOCKPHARMA,EQ,161.2
WONDERLA,EQ,419.95
WORTH,EQ,96.35
WSI,EQ,39.45
WSTCSTPAPR,EQ,524.5
XCHANGING,EQ,58.85
XELPMOC,EQ,99.4
XPROINDIA,EQ,657.9
YAARI,EQ,14.65
YESBANK,EQ,15.2
YUKEN,EQ,535
ZEEL,EQ,211.4
ZEELEARN,EQ,3.85
ZEEMEDIA,EQ,9.1
ZENITHEXPO,BE,82.95
ZENITHSTL,EQ,4.65
ZENSARTECH,EQ,286.55
ZENTEC,EQ,309.85
ZFCVINDIA,EQ,10232.3
ZIMLAB,EQ,80
ZODIAC,EQ,119.8
ZODIACLOTH,EQ,87.75
ZOMATO,EQ,53.9
ZOTA,EQ,283.1
ZUARI,EQ,128.15
ZUARIIND,EQ,118.15
ZYDUSLIFE,EQ,496.4
ZYDUSWELL,EQ,1509.4
